Workbook

Sheet Summary
B2: LCDPD - Total Portfolio
B3: Total | L3: Normal | T3: Non Starter
B4: 46113 | L4: =B4 -> 46113 | T4: =B4 -> 46113
B5: Product | C5: 1. Jarir | D5: 2. Premium Partners | E5: 3. Noon | F5: 4. Other Partners | G5: 5. Cash Loan | H5: Total Retail | I5: SME | J5: Total | L5: Product | M5: 1. Jarir | N5: 2. Premium Partners | O5: 3. Noon | P5: 4. Other Partners | Q5: 5. Cash Loan | R5: Total Retail | T5: Product | U5: 1. Jarir | V5: 2. Premium Partners | W5: 3. Noon | X5: 4. Other Partners | Y5: 5. Cash Loan | Z5: Total Retail
B6: 0 Days | C6: 119913594 | D6: 83785183 | E6: 3769765 | F6: 81817856 | G6: 185270846 | H6: =SUM(C6:G6) -> 474557244 | I6: 903187 | J6: =H6+I6 -> 475460431 | L6: 0 Days | M6: 119899372 | N6: 83772052 | O6: 3769765 | P6: 81817856 | Q6: 185239378 | R6: =SUM(M6:Q6) -> 474498423 | T6: 0 Days | U6: 14222 | V6: 13131 | W6: 0 | X6: 0 | Y6: 31468 | Z6: =SUM(U6:Y6) -> 58821
B7: 1-30 Days | C7: 45553277 | D7: 39769183 | E7: 3020344 | F7: 39744551 | G7: 77630987 | H7: =SUM(C7:G7) -> 205718342 | I7: 0 | J7: =H7+I7 -> 205718342 | L7: 1-30 Days | M7: 41920747 | N7: 32961570 | O7: 173162 | P7: 31199856 | Q7: 69859836 | R7: =SUM(M7:Q7) -> 176115171 | T7: 1-30 Days | U7: 3632530 | V7: 6807613 | W7: 2847182 | X7: 8544695 | Y7: 7771151 | Z7: =SUM(U7:Y7) -> 29603171
B8: 31-60 Days | C8: 12076651 | D8: 11930703 | E8: 249648 | F8: 12093821 | G8: 20673592 | H8: =SUM(C8:G8) -> 57024415 | I8: 0 | J8: =H8+I8 -> 57024415 | L8: 31-60 Days | M8: 11443997 | N8: 10348616 | O8: 27494 | P8: 10245877 | Q8: 19646565 | R8: =SUM(M8:Q8) -> 51712549 | T8: 31-60 Days | U8: 632654 | V8: 1582087 | W8: 222154 | X8: 1847944 | Y8: 1027027 | Z8: =SUM(U8:Y8) -> 5311866
B9: 61-90 Days | C9: 6605733 | D9: 6246931 | E9: 103430 | F9: 6793873 | G9: 9989859 | H9: =SUM(C9:G9) -> 29739826 | I9: 0 | J9: =H9+I9 -> 29739826 | L9: 61-90 Days | M9: 6169450 | N9: 5656903 | O9: 30714 | P9: 5749453 | Q9: 9391422 | R9: =SUM(M9:Q9) -> 26997942 | T9: 61-90 Days | U9: 436283 | V9: 590028 | W9: 72716 | X9: 1044420 | Y9: 598437 | Z9: =SUM(U9:Y9) -> 2741884
B10: NPA | C10: 22820304 | D10: 21870652 | E10: 70156.734 | F10: 25485983 | G10: 30505192 | H10: =SUM(C10:G10) -> 1.0075229e+08 | I10: 16811280 | J10: =H10+I10 -> 1.1756357e+08 | L10: NPA | M10: 20116659 | N10: 17860780 | O10: 17853.604 | P10: 21435544 | Q10: 27697340 | R10: =SUM(M10:Q10) -> 87128177 | T10: NPA | U10: 2703645.1 | V10: 4009872.1 | W10: 52303.13 | X10: 4050438.6 | Y10: 2807852.4 | Z10: =SUM(U10:Y10) -> 13624111
B11: Grand Total | C11: =SUM(C6:C10) -> 2.0696956e+08 | D11: =SUM(D6:D10) -> 1.6360265e+08 | E11: =SUM(E6:E10) -> 7213343.7 | F11: =SUM(F6:F10) -> 1.6593608e+08 | G11: =SUM(G6:G10) -> 3.2407048e+08 | H11: =SUM(H6:H10) -> 8.6779211e+08 | I11: =SUM(I6:I10) -> 17714467 | J11: =SUM(J6:J10) -> 8.8550658e+08 | L11: Grand Total | M11: =SUM(M6:M10) -> 1.9955022e+08 | N11: =SUM(N6:N10) -> 1.5059992e+08 | O11: =SUM(O6:O10) -> 4018988.6 | P11: =SUM(P6:P10) -> 1.5044859e+08 | Q11: =SUM(Q6:Q10) -> 3.1183454e+08 | R11: =SUM(R6:R10) -> 8.1645226e+08 | T11: Grand Total | U11: =SUM(U6:U10) -> 7419334.1 | V11: =SUM(V6:V10) -> 13002731 | W11: =SUM(W6:W10) -> 3194355.1 | X11: =SUM(X6:X10) -> 15487498 | Y11: =SUM(Y6:Y10) -> 12235935 | Z11: =SUM(Z6:Z10) -> 51339853
B12: NPA % | C12: =IFERROR(+C10/C11,0) -> 0.11025923 | D12: =IFERROR(+D10/D11,0) -> 0.13368152 | E12: =IFERROR(+E10/E11,0) -> 0.0097259657 | F12: =IFERROR(+F10/F11,0) -> 0.15358915 | G12: =IFERROR(+G10/G11,0) -> 0.094131353 | H12: =IFERROR(+H10/H11,0) -> 0.11610187 | I12: =IFERROR(+I10/I11,0) -> 0.94901416 | J12: =IFERROR(+J10/J11,0) -> 0.13276419 | L12: NPA % | M12: =IFERROR(+M10/M11,0) -> 0.10081 | N12: =IFERROR(+N10/N11,0) -> 0.11859754 | O12: =IFERROR(+O10/O11,0) -> 0.0044423128 | P12: =IFERROR(+P10/P11,0) -> 0.14247754 | Q12: =IFERROR(+Q10/Q11,0) -> 0.088820629 | R12: =IFERROR(+R10/R11,0) -> 0.10671558 | T12: NPA % | U12: =IFERROR(+U10/U11,0) -> 0.36440536 | V12: =IFERROR(+V10/V11,0) -> 0.30838691 | W12: =IFERROR(+W10/W11,0) -> 0.016373611 | X12: =IFERROR(+X10/X11,0) -> 0.26152957 | Y12: =IFERROR(+Y10/Y11,0) -> 0.22947591 | Z12: =IFERROR(+Z10/Z11,0) -> 0.26537106
B14: Current RAC
B15: Total | L15: Normal | T15: Non Starter
B16: Product | C16: 1. Jarir | D16: 2. Premium Partners | E16: 3. Noon | F16: 4. Other Partners | G16: 5. Cash Loan | H16: Total Retail | I16: SME | J16: Total | L16: Product | M16: 1. Jarir | N16: 2. Premium Partners | O16: 3. Noon | P16: 4. Other Partners | Q16: 5. Cash Loan | R16: Total Retail | T16: Product | U16: 1. Jarir | V16: 2. Premium Partners | W16: 3. Noon | X16: 4. Other Partners | Y16: 5. Cash Loan | Z16: Total Retail
B17: 0 Days | C17: 117068502 | D17: 82473911 | E17: 3769765 | F17: 79815533 | G17: 179893178 | H17: =SUM(C17:G17) -> 463020889 | I17: 0 | J17: =H17+I17 -> 463020889 | L17: 0 Days | M17: 117054280 | N17: 82460780 | O17: 3769765 | P17: 79815533 | Q17: 179861710 | R17: =SUM(M17:Q17) -> 462962068 | T17: 0 Days | U17: 14222 | V17: 13131 | W17: 0 | X17: 0 | Y17: 31468 | Z17: =SUM(U17:Y17) -> 58821
B18: 1-30 Days | C18: 42970951 | D18: 38595257 | E18: 3020344 | F18: 37669749 | G18: 73143368 | H18: =SUM(C18:G18) -> 195399669 | I18: 0 | J18: =H18+I18 -> 195399669 | L18: 1-30 Days | M18: 39338421 | N18: 31787644 | O18: 173162 | P18: 29125054 | Q18: 65372217 | R18: =SUM(M18:Q18) -> 165796498 | T18: 1-30 Days | U18: 3632530 | V18: 6807613 | W18: 2847182 | X18: 8544695 | Y18: 7771151 | Z18: =SUM(U18:Y18) -> 29603171
B19: 31-60 Days | C19: 10947810 | D19: 11364890 | E19: 249648 | F19: 10945911 | G19: 18609763 | H19: =SUM(C19:G19) -> 52118022 | I19: 0 | J19: =H19+I19 -> 52118022 | L19: 31-60 Days | M19: 10315156 | N19: 9782803 | O19: 27494 | P19: 9097967 | Q19: 17582736 | R19: =SUM(M19:Q19) -> 46806156 | T19: 31-60 Days | U19: 632654 | V19: 1582087 | W19: 222154 | X19: 1847944 | Y19: 1027027 | Z19: =SUM(U19:Y19) -> 5311866
B20: 61-90 Days | C20: 5711800 | D20: 5961732 | E20: 103430 | F20: 5890880 | G20: 8950432 | H20: =SUM(C20:G20) -> 26618274 | I20: 0 | J20: =H20+I20 -> 26618274 | L20: 61-90 Days | M20: 5275517 | N20: 5371704 | O20: 30714 | P20: 4846460 | Q20: 8351995 | R20: =SUM(M20:Q20) -> 23876390 | T20: 61-90 Days | U20: 436283 | V20: 590028 | W20: 72716 | X20: 1044420 | Y20: 598437 | Z20: =SUM(U20:Y20) -> 2741884
B21: NPA | C21: 17434206 | D21: 19639787 | E21: 70156.734 | F21: 20674134 | G21: 25372332 | H21: =SUM(C21:G21) -> 83190616 | I21: 0 | J21: =H21+I21 -> 83190616 | L21: NPA | M21: 14800207 | N21: 15648300 | O21: 17853.604 | P21: 16690049 | Q21: 22698311 | R21: =SUM(M21:Q21) -> 69854721 | T21: NPA | U21: 2633999.1 | V21: 3991486.4 | W21: 52303.13 | X21: 3984085.2 | Y21: 2674020.9 | Z21: =SUM(U21:Y21) -> 13335895
B22: Grand Total | C22: =SUM(C17:C21) -> 1.9413327e+08 | D22: =SUM(D17:D21) -> 1.5803558e+08 | E22: =SUM(E17:E21) -> 7213343.7 | F22: =SUM(F17:F21) -> 1.5499621e+08 | G22: =SUM(G17:G21) -> 3.0596907e+08 | H22: =SUM(H17:H21) -> 8.2034747e+08 | I22: =SUM(I17:I21) -> 0 | J22: =SUM(J17:J21) -> 8.2034747e+08 | L22: Grand Total | M22: =SUM(M17:M21) -> 1.8678358e+08 | N22: =SUM(N17:N21) -> 1.4505123e+08 | O22: =SUM(O17:O21) -> 4018988.6 | P22: =SUM(P17:P21) -> 1.3957506e+08 | Q22: =SUM(Q17:Q21) -> 2.9386697e+08 | R22: =SUM(R17:R21) -> 7.6929583e+08 | T22: Grand Total | U22: =SUM(U17:U21) -> 7349688.1 | V22: =SUM(V17:V21) -> 12984345 | W22: =SUM(W17:W21) -> 3194355.1 | X22: =SUM(X17:X21) -> 15421144 | Y22: =SUM(Y17:Y21) -> 12102104 | Z22: =SUM(Z17:Z21) -> 51051637
B23: NPA % | C23: =IFERROR(+C21/C22,0) -> 0.089805351 | D23: =IFERROR(+D21/D22,0) -> 0.12427447 | E23: =IFERROR(+E21/E22,0) -> 0.0097259657 | F23: =IFERROR(+F21/F22,0) -> 0.13338478 | G23: =IFERROR(+G21/G22,0) -> 0.082924498 | H23: =IFERROR(+H21/H22,0) -> 0.101409 | I23: =IFERROR(+I21/I22,0) -> 0 | J23: =IFERROR(+J21/J22,0) -> 0.101409 | L23: NPA % | M23: =IFERROR(+M21/M22,0) -> 0.079237197 | N23: =IFERROR(+N21/N22,0) -> 0.1078812 | O23: =IFERROR(+O21/O22,0) -> 0.0044423128 | P23: =IFERROR(+P21/P22,0) -> 0.11957759 | Q23: =IFERROR(+Q21/Q22,0) -> 0.077240089 | R23: =IFERROR(+R21/R22,0) -> 0.090803457 | T23: NPA % | U23: =IFERROR(+U21/U22,0) -> 0.35838243 | V23: =IFERROR(+V21/V22,0) -> 0.30740759 | W23: =IFERROR(+W21/W22,0) -> 0.016373611 | X23: =IFERROR(+X21/X22,0) -> 0.25835212 | Y23: =IFERROR(+Y21/Y22,0) -> 0.22095504 | Z23: =IFERROR(+Z21/Z22,0) -> 0.26122365
B25: Closed RAC
B26: Total | L26: Normal | T26: Non Starter
B27: Product | C27: 1. Jarir | D27: 2. Premium Partners | E27: 3. Noon | F27: 4. Other Partners | G27: 5. Cash Loan | H27: Total Retail | I27: SME | J27: Total | L27: Product | M27: 1. Jarir | N27: 2. Premium Partners | O27: 3. Noon | P27: 4. Other Partners | Q27: 5. Cash Loan | R27: Total Retail | T27: Product | U27: 1. Jarir | V27: 2. Premium Partners | W27: 3. Noon | X27: 4. Other Partners | Y27: 5. Cash Loan | Z27: Total Retail
B28: 0 Days | C28: =C6-C17 -> 2845092 | D28: =D6-D17 -> 1311272 | E28: =E6-E17 -> 0 | F28: =F6-F17 -> 2002323 | G28: =G6-G17 -> 5377668 | H28: =SUM(C28:G28) -> 11536355 | I28: =I6-I17 -> 903187 | J28: =H28+I28 -> 12439542 | L28: 0 Days | M28: =M6-M17 -> 2845092 | N28: =N6-N17 -> 1311272 | O28: =O6-O17 -> 0 | P28: =P6-P17 -> 2002323 | Q28: =Q6-Q17 -> 5377668 | R28: =SUM(M28:Q28) -> 11536355 | T28: 0 Days | U28: =U6-U17 -> 0 | V28: =V6-V17 -> 0 | W28: =W6-W17 -> 0 | X28: =X6-X17 -> 0 | Y28: =Y6-Y17 -> 0 | Z28: =SUM(U28:Y28) -> 0
B29: 1-30 Days | C29: =C7-C18 -> 2582326 | D29: =D7-D18 -> 1173926 | E29: =E7-E18 -> 0 | F29: =F7-F18 -> 2074802 | G29: =G7-G18 -> 4487619 | H29: =SUM(C29:G29) -> 10318673 | I29: =I7-I18 -> 0 | J29: =H29+I29 -> 10318673 | L29: 1-30 Days | M29: =M7-M18 -> 2582326 | N29: =N7-N18 -> 1173926 | O29: =O7-O18 -> 0 | P29: =P7-P18 -> 2074802 | Q29: =Q7-Q18 -> 4487619 | R29: =SUM(M29:Q29) -> 10318673 | T29: 1-30 Days | U29: =U7-U18 -> 0 | V29: =V7-V18 -> 0 | W29: =W7-W18 -> 0 | X29: =X7-X18 -> 0 | Y29: =Y7-Y18 -> 0 | Z29: =SUM(U29:Y29) -> 0
B30: 31-60 Days | C30: =C8-C19 -> 1128841 | D30: =D8-D19 -> 565813 | E30: =E8-E19 -> 0 | F30: =F8-F19 -> 1147910 | G30: =G8-G19 -> 2063829 | H30: =SUM(C30:G30) -> 4906393 | I30: =I8-I19 -> 0 | J30: =H30+I30 -> 4906393 | L30: 31-60 Days | M30: =M8-M19 -> 1128841 | N30: =N8-N19 -> 565813 | O30: =O8-O19 -> 0 | P30: =P8-P19 -> 1147910 | Q30: =Q8-Q19 -> 2063829 | R30: =SUM(M30:Q30) -> 4906393 | T30: 31-60 Days | U30: =U8-U19 -> 0 | V30: =V8-V19 -> 0 | W30: =W8-W19 -> 0 | X30: =X8-X19 -> 0 | Y30: =Y8-Y19 -> 0 | Z30: =SUM(U30:Y30) -> 0
B31: 61-90 Days | C31: =C9-C20 -> 893933 | D31: =D9-D20 -> 285199 | E31: =E9-E20 -> 0 | F31: =F9-F20 -> 902993 | G31: =G9-G20 -> 1039427 | H31: =SUM(C31:G31) -> 3121552 | I31: =I9-I20 -> 0 | J31: =H31+I31 -> 3121552 | L31: 61-90 Days | M31: =M9-M20 -> 893933 | N31: =N9-N20 -> 285199 | O31: =O9-O20 -> 0 | P31: =P9-P20 -> 902993 | Q31: =Q9-Q20 -> 1039427 | R31: =SUM(M31:Q31) -> 3121552 | T31: 61-90 Days | U31: =U9-U20 -> 0 | V31: =V9-V20 -> 0 | W31: =W9-W20 -> 0 | X31: =X9-X20 -> 0 | Y31: =Y9-Y20 -> 0 | Z31: =SUM(U31:Y31) -> 0
B32: NPA | C32: =C10-C21 -> 5386097.7 | D32: =D10-D21 -> 2230865 | E32: =E10-E21 -> 0 | F32: =F10-F21 -> 4811848.5 | G32: =G10-G21 -> 5132860.6 | H32: =SUM(C32:G32) -> 17561672 | I32: =I10-I21 -> 16811280 | J32: =H32+I32 -> 34372952 | L32: NPA | M32: =M10-M21 -> 5316451.6 | N32: =N10-N21 -> 2212479.2 | O32: =O10-O21 -> 0 | P32: =P10-P21 -> 4745495.2 | Q32: =Q10-Q21 -> 4999029.1 | R32: =SUM(M32:Q32) -> 17273455 | T32: NPA | U32: =U10-U21 -> 69646.036 | V32: =V10-V21 -> 18385.763 | W32: =W10-W21 -> 0 | X32: =X10-X21 -> 66353.334 | Y32: =Y10-Y21 -> 133831.5 | Z32: =SUM(U32:Y32) -> 288216.64
B33: Grand Total | C33: =SUM(C28:C32) -> 12836290 | D33: =SUM(D28:D32) -> 5567075 | E33: =SUM(E28:E32) -> 0 | F33: =SUM(F28:F32) -> 10939877 | G33: =SUM(G28:G32) -> 18101404 | H33: =SUM(H28:H32) -> 47444645 | I33: =SUM(I28:I32) -> 17714467 | J33: =SUM(J28:J32) -> 65159112 | L33: Grand Total | M33: =SUM(M28:M32) -> 12766644 | N33: =SUM(N28:N32) -> 5548689.2 | O33: =SUM(O28:O32) -> 0 | P33: =SUM(P28:P32) -> 10873523 | Q33: =SUM(Q28:Q32) -> 17967572 | R33: =SUM(R28:R32) -> 47156428 | T33: Grand Total | U33: =SUM(U28:U32) -> 69646.036 | V33: =SUM(V28:V32) -> 18385.763 | W33: =SUM(W28:W32) -> 0 | X33: =SUM(X28:X32) -> 66353.334 | Y33: =SUM(Y28:Y32) -> 133831.5 | Z33: =SUM(Z28:Z32) -> 288216.64
B34: NPA % | C34: =IFERROR(+C32/C33,0) -> 0.41959926 | D34: =IFERROR(+D32/D33,0) -> 0.4007248 | E34: =IFERROR(+E32/E33,0) -> 0 | F34: =IFERROR(+F32/F33,0) -> 0.43984487 | G34: =IFERROR(+G32/G33,0) -> 0.28356147 | H34: =IFERROR(+H32/H33,0) -> 0.37015077 | I34: =IFERROR(+I32/I33,0) -> 0.94901416 | J34: =IFERROR(+J32/J33,0) -> 0.52752333 | L34: NPA % | M34: =IFERROR(+M32/M33,0) -> 0.41643299 | N34: =IFERROR(+N32/N33,0) -> 0.39873908 | O34: =IFERROR(+O32/O33,0) -> 0 | P34: =IFERROR(+P32/P33,0) -> 0.43642664 | Q34: =IFERROR(+Q32/Q33,0) -> 0.27822507 | R34: =IFERROR(+R32/R33,0) -> 0.36630118 | T34: NPA % | U34: =IFERROR(+U32/U33,0) -> 1 | V34: =IFERROR(+V32/V33,0) -> 1 | W34: =IFERROR(+W32/W33,0) -> 0 | X34: =IFERROR(+X32/X33,0) -> 1 | Y34: =IFERROR(+Y32/Y33,0) -> 1 | Z34: =IFERROR(+Z32/Z33,0) -> 1
B36: Total Overdue : Principal Overdue + Profit Overdue
B37: Total | L37: Normal | T37: Non Starter
B38: Product | C38: 1. Jarir | D38: 2. Premium Partners | E38: 3. Noon | F38: 4. Other Partners | G38: 5. Cash Loan | H38: Total Retail | I38: SME | J38: Total | L38: Product | M38: 1. Jarir | N38: 2. Premium Partners | O38: 3. Noon | P38: 4. Other Partners | Q38: 5. Cash Loan | R38: Total Retail | T38: Product | U38: 1. Jarir | V38: 2. Premium Partners | W38: 3. Noon | X38: 4. Other Partners | Y38: 5. Cash Loan | Z38: Total Retail
B39: 0 Days | C39: 4302 | D39: 4669 | E39: 92 | F39: 5878 | G39: 10999 | H39: =SUM(C39:G39) -> 25940 | I39: 0 | J39: =H39+I39 -> 25940 | L39: 0 Days | M39: 4302 | N39: 3983 | O39: 92 | P39: 5878 | Q39: 10026 | R39: =SUM(M39:Q39) -> 24281 | T39: 0 Days | U39: 0 | V39: 686 | W39: 0 | X39: 0 | Y39: 973 | Z39: =SUM(U39:Y39) -> 1659
B40: 1-30 Days | C40: 4713455 | D40: 2971807 | E40: 168945 | F40: 3209607 | G40: 4265501 | H40: =SUM(C40:G40) -> 15329315 | I40: 0 | J40: =H40+I40 -> 15329315 | L40: 1-30 Days | M40: 4431072 | N40: 2548821 | O40: 14082 | P40: 2683016 | Q40: 3873089 | R40: =SUM(M40:Q40) -> 13550080 | T40: 1-30 Days | U40: 282383 | V40: 422986 | W40: 154863 | X40: 526591 | Y40: 392412 | Z40: =SUM(U40:Y40) -> 1779235
B41: 31-60 Days | C41: 2406032 | D41: 1767538 | E41: 24512 | F41: 1958067 | G41: 2101164 | H41: =SUM(C41:G41) -> 8257313 | I41: 0 | J41: =H41+I41 -> 8257313 | L41: 31-60 Days | M41: 2316592 | N41: 1573968 | O41: 3428 | P41: 1732702 | Q41: 2014990 | R41: =SUM(M41:Q41) -> 7641680 | T41: 31-60 Days | U41: 89440 | V41: 193570 | W41: 21084 | X41: 225365 | Y41: 86174 | Z41: =SUM(U41:Y41) -> 615633
B42: 61-90 Days | C42: 1876799 | D42: 1336591 | E42: 24400 | F42: 1554592 | G42: 1498779 | H42: =SUM(C42:G42) -> 6291161 | I42: 0 | J42: =H42+I42 -> 6291161 | L42: 61-90 Days | M42: 1776782 | N42: 1230169 | O42: 4663 | P42: 1366597 | Q42: 1423983 | R42: =SUM(M42:Q42) -> 5802194 | T42: 61-90 Days | U42: 100017 | V42: 106422 | W42: 19737 | X42: 187995 | Y42: 74796 | Z42: =SUM(U42:Y42) -> 488967
B43: NPA | C43: 14489232 | D43: 12173645 | E43: 12072 | F43: 15707570 | G43: 11136492 | H43: =SUM(C43:G43) -> 53519011 | I43: 14005352 | J43: =H43+I43 -> 67524363 | L43: NPA | M43: 12763198 | N43: 9742737 | O43: 4046 | P43: 13220157 | Q43: 10193926 | R43: =SUM(M43:Q43) -> 45924064 | T43: NPA | U43: 1726034 | V43: 2430908 | W43: 8026 | X43: 2487413 | Y43: 942566 | Z43: =SUM(U43:Y43) -> 7594947
B44: Grand Total | C44: =SUM(C39:C43) -> 23489820 | D44: =SUM(D39:D43) -> 18254250 | E44: =SUM(E39:E43) -> 230021 | F44: =SUM(F39:F43) -> 22435714 | G44: =SUM(G39:G43) -> 19012935 | H44: =SUM(H39:H43) -> 83422740 | I44: =SUM(I39:I43) -> 14005352 | J44: =SUM(J39:J43) -> 97428092 | L44: Grand Total | M44: =SUM(M39:M43) -> 21291946 | N44: =SUM(N39:N43) -> 15099678 | O44: =SUM(O39:O43) -> 26311 | P44: =SUM(P39:P43) -> 19008350 | Q44: =SUM(Q39:Q43) -> 17516014 | R44: =SUM(R39:R43) -> 72942299 | T44: Grand Total | U44: =SUM(U39:U43) -> 2197874 | V44: =SUM(V39:V43) -> 3154572 | W44: =SUM(W39:W43) -> 203710 | X44: =SUM(X39:X43) -> 3427364 | Y44: =SUM(Y39:Y43) -> 1496921 | Z44: =SUM(Z39:Z43) -> 10480441
B45: NPA % | C45: =IFERROR(+C43/C44,0) -> 0.61683027 | D45: =IFERROR(+D43/D44,0) -> 0.66689374 | E45: =IFERROR(+E43/E44,0) -> 0.052482165 | F45: =IFERROR(+F43/F44,0) -> 0.70011456 | G45: =IFERROR(+G43/G44,0) -> 0.5857324 | H45: =IFERROR(+H43/H44,0) -> 0.64153984 | I45: =IFERROR(+I43/I44,0) -> 1 | J45: =IFERROR(+J43/J44,0) -> 0.69306872 | L45: NPA % | M45: =IFERROR(+M43/M44,0) -> 0.59943783 | N45: =IFERROR(+N43/N44,0) -> 0.64522813 | O45: =IFERROR(+O43/O44,0) -> 0.15377599 | P45: =IFERROR(+P43/P44,0) -> 0.69549209 | Q45: =IFERROR(+Q43/Q44,0) -> 0.5819775 | R45: =IFERROR(+R43/R44,0) -> 0.62959441 | T45: NPA % | U45: =IFERROR(+U43/U44,0) -> 0.78531981 | V45: =IFERROR(+V43/V44,0) -> 0.77059836 | W45: =IFERROR(+W43/W44,0) -> 0.039399146 | X45: =IFERROR(+X43/X44,0) -> 0.72575104 | Y45: =IFERROR(+Y43/Y44,0) -> 0.62966984 | Z45: =IFERROR(+Z43/Z44,0) -> 0.72467819
B47: Collections MTD
B48: TOTAL | L48: Normal | T48: Non Starter
B49: Product | C49: 1. Jarir | D49: 2. Premium Partners | E49: 3. Noon | F49: 4. Other Partners | G49: 5. Cash Loan | H49: Total Retail | I49: SME | J49: Total | L49: Product | M49: 1. Jarir | N49: 2. Premium Partners | O49: 3. Noon | P49: 4. Other Partners | Q49: 5. Cash Loan | R49: Total Retail | T49: Product | U49: 1. Jarir | V49: 2. Premium Partners | W49: 3. Noon | X49: 4. Other Partners | Y49: 5. Cash Loan | Z49: Total Retail
B50: 0 Days | C50: 1713398 | D50: 1045291 | E50: 10361 | F50: 988707 | G50: 1696687.2 | H50: =SUM(C50:G50) -> 5454444.2 | I50: 0 | J50: =H50+I50 -> 5454444.2 | L50: 0 Days | M50: 1713398 | N50: 1045291 | O50: 10361 | P50: 988707 | Q50: 1696687.2 | R50: =SUM(M50:Q50) -> 5454444.2 | T50: 0 Days | U50: 0 | V50: 0 | W50: 0 | X50: 0 | Y50: 0 | Z50: =SUM(U50:Y50) -> 0
B51: 1-30 Days | C51: 134468 | D51: 116022.36 | E51: 701 | F51: 117822 | G51: 113069 | H51: =SUM(C51:G51) -> 482082.36 | I51: 0 | J51: =H51+I51 -> 482082.36 | L51: 1-30 Days | M51: 131476 | N51: 111862.36 | O51: 701 | P51: 111672 | Q51: 112151 | R51: =SUM(M51:Q51) -> 467862.36 | T51: 1-30 Days | U51: 2992 | V51: 4160 | W51: 0 | X51: 6150 | Y51: 918 | Z51: =SUM(U51:Y51) -> 14220
B52: 31-60 Days | C52: 88055 | D52: 41403 | E52: 0 | F52: 74812 | G52: 38281 | H52: =SUM(C52:G52) -> 242551 | I52: 0 | J52: =H52+I52 -> 242551 | L52: 31-60 Days | M52: 87527 | N52: 40020 | O52: 0 | P52: 74812 | Q52: 38281 | R52: =SUM(M52:Q52) -> 240640 | T52: 31-60 Days | U52: 528 | V52: 1383 | W52: 0 | X52: 0 | Y52: 0 | Z52: =SUM(U52:Y52) -> 1911
B53: 61-90 Days | C53: 16247 | D53: 9243 | E53: 0 | F53: 12291 | G53: 4586 | H53: =SUM(C53:G53) -> 42367 | I53: 0 | J53: =H53+I53 -> 42367 | L53: 61-90 Days | M53: 16247 | N53: 9243 | O53: 0 | P53: 9067 | Q53: 4586 | R53: =SUM(M53:Q53) -> 39143 | T53: 61-90 Days | U53: 0 | V53: 0 | W53: 0 | X53: 3224 | Y53: 0 | Z53: =SUM(U53:Y53) -> 3224
B54: NPA | C54: 7998.26 | D54: 8117 | E54: 0 | F54: 15084.74 | G54: 4788 | H54: =SUM(C54:G54) -> 35988 | I54: 47442 | J54: =H54+I54 -> 83430 | L54: NPA | M54: 7998.26 | N54: 8117 | O54: 0 | P54: 15084.74 | Q54: 4788 | R54: =SUM(M54:Q54) -> 35988 | T54: NPA | U54: 0 | V54: 0 | W54: 0 | X54: 0 | Y54: 0 | Z54: =SUM(U54:Y54) -> 0
B55: Write Off | C55: 89399 | D55: 0 | E55: 0 | F55: 40110.99 | G55: 1318 | H55: =SUM(C55:G55) -> 130827.99 | I55: 0 | J55: =H55+I55 -> 130827.99 | L55: Write Off | M55: 83026 | N55: 0 | O55: 0 | P55: 40110.99 | Q55: 1318 | R55: =SUM(M55:Q55) -> 124454.99 | T55: Write Off | U55: 6373 | V55: 0 | W55: 0 | X55: 0 | Y55: 0 | Z55: =SUM(U55:Y55) -> 6373
B56: Grand Total | C56: =SUM(C50:C55) -> 2049565.3 | D56: =SUM(D50:D55) -> 1220076.4 | E56: =SUM(E50:E55) -> 11062 | F56: =SUM(F50:F55) -> 1248827.7 | G56: =SUM(G50:G55) -> 1858729.2 | H56: =SUM(H50:H55) -> 6388260.5 | I56: =SUM(I50:I55) -> 47442 | J56: =SUM(J50:J55) -> 6435702.5 | L56: Grand Total | M56: =SUM(M50:M55) -> 2039672.3 | N56: =SUM(N50:N55) -> 1214533.4 | O56: =SUM(O50:O55) -> 11062 | P56: =SUM(P50:P55) -> 1239453.7 | Q56: =SUM(Q50:Q55) -> 1857811.2 | R56: =SUM(R50:R55) -> 6362532.5 | T56: Grand Total | U56: =SUM(U50:U55) -> 9893 | V56: =SUM(V50:V55) -> 5543 | W56: =SUM(W50:W55) -> 0 | X56: =SUM(X50:X55) -> 9374 | Y56: =SUM(Y50:Y55) -> 918 | Z56: =SUM(Z50:Z55) -> 25728
B59: =CONCATENATE("Collections - ",TEXT(B4,"DD-MMM")) -> Collections - 01-Apr
B60: TOTAL | L60: Normal | T60: Non Starter
B61: Product | C61: 1. Jarir | D61: 2. Premium Partners | E61: 3. Noon | F61: 4. Other Partners | G61: 5. Cash Loan | H61: Total Retail | I61: SME | J61: Total | L61: Product | M61: 1. Jarir | N61: 2. Premium Partners | O61: 3. Noon | P61: 4. Other Partners | Q61: 5. Cash Loan | R61: Total Retail | T61: Product | U61: 1. Jarir | V61: 2. Premium Partners | W61: 3. Noon | X61: 4. Other Partners | Y61: 5. Cash Loan | Z61: Total Retail
B62: 0 Days | C62: 1690099 | D62: 1031446 | E62: 10361 | F62: 972509 | G62: 1666465.2 | H62: =SUM(C62:G62) -> 5370880.2 | I62: 0 | J62: =H62+I62 -> 5370880.2 | L62: 0 Days | M62: 1690099 | N62: 1031446 | O62: 10361 | P62: 972509 | Q62: 1666465.2 | R62: =SUM(M62:Q62) -> 5370880.2 | T62: 0 Days | U62: 0 | V62: 0 | W62: 0 | X62: 0 | Y62: 0 | Z62: =SUM(U62:Y62) -> 0
B63: 1-30 Days | C63: 131318 | D63: 115122.36 | E63: 701 | F63: 115179 | G63: 113069 | H63: =SUM(C63:G63) -> 475389.36 | I63: 0 | J63: =H63+I63 -> 475389.36 | L63: 1-30 Days | M63: 128326 | N63: 110962.36 | O63: 701 | P63: 109029 | Q63: 112151 | R63: =SUM(M63:Q63) -> 461169.36 | T63: 1-30 Days | U63: 2992 | V63: 4160 | W63: 0 | X63: 6150 | Y63: 918 | Z63: =SUM(U63:Y63) -> 14220
B64: 31-60 Days | C64: 87635 | D64: 41403 | E64: 0 | F64: 74384 | G64: 37563 | H64: =SUM(C64:G64) -> 240985 | I64: 0 | J64: =H64+I64 -> 240985 | L64: 31-60 Days | M64: 87107 | N64: 40020 | O64: 0 | P64: 74384 | Q64: 37563 | R64: =SUM(M64:Q64) -> 239074 | T64: 31-60 Days | U64: 528 | V64: 1383 | W64: 0 | X64: 0 | Y64: 0 | Z64: =SUM(U64:Y64) -> 1911
B65: 61-90 Days | C65: 16247 | D65: 9243 | E65: 0 | F65: 12291 | G65: 4586 | H65: =SUM(C65:G65) -> 42367 | I65: 0 | J65: =H65+I65 -> 42367 | L65: 61-90 Days | M65: 16247 | N65: 9243 | O65: 0 | P65: 9067 | Q65: 4586 | R65: =SUM(M65:Q65) -> 39143 | T65: 61-90 Days | U65: 0 | V65: 0 | W65: 0 | X65: 3224 | Y65: 0 | Z65: =SUM(U65:Y65) -> 3224
B66: NPA | C66: 7998.26 | D66: 8117 | E66: 0 | F66: 15084.74 | G66: 4788 | H66: =SUM(C66:G66) -> 35988 | I66: 47442 | J66: =H66+I66 -> 83430 | L66: NPA | M66: 7998.26 | N66: 8117 | O66: 0 | P66: 15084.74 | Q66: 4788 | R66: =SUM(M66:Q66) -> 35988 | T66: NPA | U66: 0 | V66: 0 | W66: 0 | X66: 0 | Y66: 0 | Z66: =SUM(U66:Y66) -> 0
B67: Write Off | C67: 89399 | D67: 0 | E67: 0 | F67: 40110.99 | G67: 1318 | H67: =SUM(C67:G67) -> 130827.99 | I67: 0 | J67: =H67+I67 -> 130827.99 | L67: Write Off | M67: 83026 | N67: 0 | O67: 0 | P67: 40110.99 | Q67: 1318 | R67: =SUM(M67:Q67) -> 124454.99 | T67: Write Off | U67: 6373 | V67: 0 | W67: 0 | X67: 0 | Y67: 0 | Z67: =SUM(U67:Y67) -> 6373
B68: Grand Total | C68: =SUM(C62:C67) -> 2022696.3 | D68: =SUM(D62:D67) -> 1205331.4 | E68: =SUM(E62:E67) -> 11062 | F68: =SUM(F62:F67) -> 1229558.7 | G68: =SUM(G62:G67) -> 1827789.2 | H68: =SUM(H62:H67) -> 6296437.5 | I68: =SUM(I62:I67) -> 47442 | J68: =SUM(J62:J67) -> 6343879.5 | L68: Grand Total | M68: =SUM(M62:M67) -> 2012803.3 | N68: =SUM(N62:N67) -> 1199788.4 | O68: =SUM(O62:O67) -> 11062 | P68: =SUM(P62:P67) -> 1220184.7 | Q68: =SUM(Q62:Q67) -> 1826871.2 | R68: =SUM(R62:R67) -> 6270709.5 | T68: Grand Total | U68: =SUM(U62:U67) -> 9893 | V68: =SUM(V62:V67) -> 5543 | W68: =SUM(W62:W67) -> 0 | X68: =SUM(X62:X67) -> 9374 | Y68: =SUM(Y62:Y67) -> 918 | Z68: =SUM(Z62:Z67) -> 25728
B71: Counts
B72: TOTAL | L72: Normal | T72: Non Starter
B73: Product | C73: 1. Jarir | D73: 2. Premium Partners | E73: 3. Noon | F73: 4. Other Partners | G73: 5. Cash Loan | H73: Total Retail | I73: SME | J73: Total | L73: Product | M73: 1. Jarir | N73: 2. Premium Partners | O73: 3. Noon | P73: 4. Other Partners | Q73: 5. Cash Loan | R73: Total Retail | T73: Product | U73: 1. Jarir | V73: 2. Premium Partners | W73: 3. Noon | X73: 4. Other Partners | Y73: 5. Cash Loan | Z73: Total Retail
B74: 0 Days | C74: 34756 | D74: 15188 | E74: 359 | F74: 16166 | G74: 18686 | H74: =SUM(C74:G74) -> 85155 | I74: 2 | J74: =H74+I74 -> 85157 | L74: 0 Days | M74: 34755 | N74: 15187 | O74: 359 | P74: 16166 | Q74: 18685 | R74: =SUM(M74:Q74) -> 85152 | T74: 0 Days | U74: 1 | V74: 1 | W74: 0 | X74: 0 | Y74: 1 | Z74: =SUM(U74:Y74) -> 3
B75: 1-30 Days | C75: 11542 | D75: 6398 | E75: 210 | F75: 6997 | G75: 6680 | H75: =SUM(C75:G75) -> 31827 | I75: 0 | J75: =H75+I75 -> 31827 | L75: 1-30 Days | M75: 11035 | N75: 5587 | O75: 37 | P75: 5969 | Q75: 6109 | R75: =SUM(M75:Q75) -> 28737 | T75: 1-30 Days | U75: 507 | V75: 811 | W75: 173 | X75: 1028 | Y75: 571 | Z75: =SUM(U75:Y75) -> 3090
B76: 31-60 Days | C76: 3064 | D76: 1830 | E76: 19 | F76: 2052 | G76: 1510 | H76: =SUM(C76:G76) -> 8475 | I76: 0 | J76: =H76+I76 -> 8475 | L76: 31-60 Days | M76: 2974 | N76: 1665 | O76: 3 | P76: 1854 | Q76: 1440 | R76: =SUM(M76:Q76) -> 7936 | T76: 31-60 Days | U76: 90 | V76: 165 | W76: 16 | X76: 198 | Y76: 70 | Z76: =SUM(U76:Y76) -> 539
B77: 61-90 Days | C77: 1526 | D77: 938 | E77: 9 | F77: 1070 | G77: 749 | H77: =SUM(C77:G77) -> 4292 | I77: 0 | J77: =H77+I77 -> 4292 | L77: 61-90 Days | M77: 1476 | N77: 867 | O77: 4 | P77: 956 | Q77: 717 | R77: =SUM(M77:Q77) -> 4020 | T77: 61-90 Days | U77: 50 | V77: 71 | W77: 5 | X77: 114 | Y77: 32 | Z77: =SUM(U77:Y77) -> 272
B78: NPA | C78: 3698 | D78: 2456 | E78: 6 | F78: 3008 | G78: 1624 | H78: =SUM(C78:G78) -> 10792 | I78: 21 | J78: =H78+I78 -> 10813 | L78: NPA | M78: 3453 | N78: 2091 | O78: 2 | P78: 2655 | Q78: 1500 | R78: =SUM(M78:Q78) -> 9701 | T78: NPA | U78: 245 | V78: 365 | W78: 4 | X78: 353 | Y78: 124 | Z78: =SUM(U78:Y78) -> 1091
B79: Grand Total | C79: =SUM(C74:C78) -> 54586 | D79: =SUM(D74:D78) -> 26810 | E79: =SUM(E74:E78) -> 603 | F79: =SUM(F74:F78) -> 29293 | G79: =SUM(G74:G78) -> 29249 | H79: =SUM(H74:H78) -> 140541 | I79: =SUM(I74:I78) -> 23 | J79: =SUM(J74:J78) -> 140564 | L79: Grand Total | M79: =SUM(M74:M78) -> 53693 | N79: =SUM(N74:N78) -> 25397 | O79: =SUM(O74:O78) -> 405 | P79: =SUM(P74:P78) -> 27600 | Q79: =SUM(Q74:Q78) -> 28451 | R79: =SUM(R74:R78) -> 135546 | T79: Grand Total | U79: =SUM(U74:U78) -> 893 | V79: =SUM(V74:V78) -> 1413 | W79: =SUM(W74:W78) -> 198 | X79: =SUM(X74:X78) -> 1693 | Y79: =SUM(Y74:Y78) -> 798 | Z79: =SUM(Z74:Z78) -> 4995
B80: NPA % | C80: =IFERROR(+C78/C79,0) -> 0.067746309 | D80: =IFERROR(+D78/D79,0) -> 0.091607609 | E80: =IFERROR(+E78/E79,0) -> 0.0099502488 | F80: =IFERROR(+F78/F79,0) -> 0.10268665 | G80: =IFERROR(+G78/G79,0) -> 0.055523266 | H80: =IFERROR(+H78/H79,0) -> 0.07678898 | I80: =IFERROR(+I78/I79,0) -> 0.91304348 | J80: =IFERROR(+J78/J79,0) -> 0.076925813 | L80: NPA % | M80: =IFERROR(+M78/M79,0) -> 0.064310059 | N80: =IFERROR(+N78/N79,0) -> 0.082332559 | O80: =IFERROR(+O78/O79,0) -> 0.0049382716 | P80: =IFERROR(+P78/P79,0) -> 0.096195652 | Q80: =IFERROR(+Q78/Q79,0) -> 0.052722224 | R80: =IFERROR(+R78/R79,0) -> 0.071569799 | T80: NPA % | U80: =IFERROR(+U78/U79,0) -> 0.2743561 | V80: =IFERROR(+V78/V79,0) -> 0.25831564 | W80: =IFERROR(+W78/W79,0) -> 0.02020202 | X80: =IFERROR(+X78/X79,0) -> 0.20850561 | Y80: =IFERROR(+Y78/Y79,0) -> 0.15538847 | Z80: =IFERROR(+Z78/Z79,0) -> 0.21841842

Sheet Write off
B2: NPA Expected write off months
B3: Month/Product | C3: 46142 | D3: 46173 | E3: 46203 | F3: 46234 | G3: 46265 | H3: 46295 | I3: 46326 | J3: 46356 | K3: 46387 | L3: 46418 | M3: 46446 | N3: 46477 | O3: 46507 | P3: 46538 | Q3: 46568 | R3: 46599 | S3: Total
B4: 1. Jarir | C4: 2118857.7 | D4: 2114686.9 | E4: 693905.73 | F4: 2752885.3 | G4: 1951975 | H4: 1014956.8 | I4: 1822362.2 | J4: 1172448 | K4: 663033.86 | L4: 2047497.9 | M4: 1581893.7 | N4: 2022325.3 | O4: 2863475.7 | P4: 0 | Q4: 0 | R4: 0 | S4: =SUM(C4:R4) -> 22820304
B5: 2. Premium Partners | C5: 1427805.9 | D5: 1371888.1 | E5: 497754.79 | F5: 2736761.4 | G5: 1733948.4 | H5: 1110635.1 | I5: 2110382.6 | J5: 1302806.7 | K5: 419766.96 | L5: 1871862.8 | M5: 1864259.5 | N5: 2177172.1 | O5: 3245607.4 | P5: 0 | Q5: 0 | R5: 0 | S5: =SUM(C5:R5) -> 21870652
B6: 3. Noon | C6: 0 | D6: 0 | E6: 0 | F6: 0 | G6: 0 | H6: 0 | I6: 0 | J6: 0 | K6: 0 | L6: 0 | M6: 0 | N6: 15354.91 | O6: 54801.824 | P6: 0 | Q6: 0 | R6: 0 | S6: =SUM(C6:R6) -> 70156.734
B7: 4. Other Partners | C7: 2825507 | D7: 2159261.2 | E7: 731175.56 | F7: 3175070.2 | G7: 2084827.7 | H7: 1292737.5 | I7: 2001579.6 | J7: 1455170.4 | K7: 529099.62 | L7: 2142428.1 | M7: 1437694.2 | N7: 2329245.7 | O7: 3308186.1 | P7: 0 | Q7: 0 | R7: 14000 | S7: =SUM(C7:R7) -> 25485983
B8: 5. Cash Loan | C8: 2418786 | D8: 1659012.7 | E8: 695847.64 | F8: 2846055 | G8: 1775419.6 | H8: 959683.31 | I8: 3175657.2 | J8: 1873327.5 | K8: 596827.59 | L8: 3587516.2 | M8: 2693472.2 | N8: 3185384.9 | O8: 5038202.6 | P8: 0 | Q8: 0 | R8: 0 | S8: =SUM(C8:R8) -> 30505192
B9: Total | C9: =SUM(C4:C8) -> 8790956.6 | D9: =SUM(D4:D8) -> 7304848.9 | E9: =SUM(E4:E8) -> 2618683.7 | F9: =SUM(F4:F8) -> 11510772 | G9: =SUM(G4:G8) -> 7546170.7 | H9: =SUM(H4:H8) -> 4378012.6 | I9: =SUM(I4:I8) -> 9109981.6 | J9: =SUM(J4:J8) -> 5803752.6 | ... R9: =SUM(R4:R8) -> 14000 | S9: =SUM(C9:R9) -> 1.0075229e+08 | T9: =S9-Summary!H10 -> 0
B11: NPA Expected write off months - Current RAC
B12: Month/Product | C12: =C3 -> 46142 | D12: =D3 -> 46173 | E12: =E3 -> 46203 | F12: =F3 -> 46234 | G12: =G3 -> 46265 | H12: =H3 -> 46295 | I12: =I3 -> 46326 | J12: =J3 -> 46356 | ... R12: =R3 -> 46599 | S12: Total
B13: 1. Jarir | C13: 1263072.7 | D13: 1466289.2 | E13: 516320.46 | F13: 1960668.8 | G13: 1518272 | H13: 691675.67 | I13: 1463129.3 | J13: 956692.22 | K13: 554328.04 | L13: 1731499.7 | M13: 1194990.9 | N13: 1699268.8 | O13: 2417998.8 | P13: 0 | Q13: 0 | R13: 0 | S13: =SUM(C13:R13) -> 17434206
B14: 2. Premium Partners | C14: 1051666.6 | D14: 1103148.6 | E14: 411119.71 | F14: 2388560.3 | G14: 1613445.7 | H14: 1020203.2 | I14: 1978896.2 | J14: 1170439.5 | K14: 403379.14 | L14: 1711597.1 | M14: 1750065.7 | N14: 2006666.6 | O14: 3030598.4 | P14: 0 | Q14: 0 | R14: 0 | S14: =SUM(C14:R14) -> 19639787
B15: 3. Noon | C15: 0 | D15: 0 | E15: 0 | F15: 0 | G15: 0 | H15: 0 | I15: 0 | J15: 0 | K15: 0 | L15: 0 | M15: 0 | N15: 15354.91 | O15: 54801.824 | P15: 0 | Q15: 0 | R15: 0 | S15: =SUM(C15:R15) -> 70156.734
B16: 4. Other Partners | C16: 1846981.4 | D16: 1610250.3 | E16: 583412.88 | F16: 2592918.9 | G16: 1682469.4 | H16: 1062061.4 | I16: 1589553.7 | J16: 1273959.6 | K16: 464781.23 | L16: 1771558.6 | M16: 1261940.6 | N16: 2048273.5 | O16: 2871973.1 | P16: 0 | Q16: 0 | R16: 14000 | S16: =SUM(C16:R16) -> 20674134
B17: 5. Cash Loan | C17: 1625952.2 | D17: 1166091.2 | E17: 523095.91 | F17: 2087054.8 | G17: 1376263.7 | H17: 792339.7 | I17: 2719284.6 | J17: 1631518.7 | K17: 402371.83 | L17: 3322124.6 | M17: 2370680.6 | N17: 2659583.1 | O17: 4695970.9 | P17: 0 | Q17: 0 | R17: 0 | S17: =SUM(C17:R17) -> 25372332
B18: Total | C18: =SUM(C13:C17) -> 5787673 | D18: =SUM(D13:D17) -> 5345779.3 | E18: =SUM(E13:E17) -> 2033949 | F18: =SUM(F13:F17) -> 9029202.8 | G18: =SUM(G13:G17) -> 6190450.7 | H18: =SUM(H13:H17) -> 3566279.9 | I18: =SUM(I13:I17) -> 7750863.7 | J18: =SUM(J13:J17) -> 5032610.1 | ... R18: =SUM(R13:R17) -> 14000 | S18: =SUM(C18:R18) -> 83190616 | T18: =S18-Summary!H21 -> 0
B20: Number of installment overdue against NPA
B21: Product (values) | C21: Total | D21: 15 | E21: 14 | F21: 13 | G21: 12 | H21: 11 | I21: 10 | J21: 9 | K21: 8 | L21: 7 | M21: 6 | N21: 5 | O21: 4 | P21: 3 | Q21: 2 | R21: 1 | S21: 0
B23: 1. Jarir
B24: NR NPA in mm | C24: =SUM(D24:S24) -> 22820304 | D24: 3414004.8 | E24: 457934.13 | F24: 2527091.8 | G24: 1824010.1 | H24: 1141391.7 | I24: 1745202.7 | J24: 1393517.8 | K24: 694087.88 | L24: 1932299.5 | M24: 1636931.7 | N24: 2075730.8 | O24: 2822441.3 | P24: 643285.3 | Q24: 286482.67 | R24: 195131.08 | S24: 30761.006
B25: Overdue Amt in mm | C25: =SUM(D25:S25) -> 14489232 | D25: 2788963 | E25: 406530 | F25: 1806339 | G25: 1374870 | H25: 917177 | I25: 1155361 | J25: 930276 | K25: 508713 | L25: 1003407 | M25: 826287 | N25: 913527 | O25: 1054209 | P25: 392217 | Q25: 256239 | R25: 152205 | S25: 2912
B26: Count | C26: =SUM(D26:S26) -> 3698 | D26: 272 | E26: 50 | F26: 222 | G26: 201 | H26: 141 | I26: 204 | J26: 182 | K26: 131 | L26: 265 | M26: 248 | N26: 345 | O26: 549 | P26: 274 | Q26: 268 | R26: 286 | S26: 60
B28: 2. Premium Partners
B29: NR NPA in mm | C29: =SUM(D29:S29) -> 21870652 | D29: 2408683 | E29: 445712.51 | F29: 2434416.2 | G29: 1778766.3 | H29: 1036803.6 | I29: 2054817.3 | J29: 1382355.5 | K29: 598077.7 | L29: 1676608.8 | M29: 1991978.6 | N29: 1939945.9 | O29: 3371174.8 | P29: 496588.43 | Q29: 106427.43 | R29: 91631.387 | S29: 56664.321
B30: Overdue Amt in mm | C30: =SUM(D30:S30) -> 12173645 | D30: 2039691 | E30: 418980 | F30: 1712249 | G30: 1254571 | H30: 767012 | I30: 1179378 | J30: 802028 | K30: 392249 | L30: 748179 | M30: 880352 | N30: 677635 | O30: 1025018 | P30: 172265 | Q30: 70507 | R30: 33507 | S30: 24
B31: Count | C31: =SUM(D31:S31) -> 2456 | D31: 198 | E31: 38 | F31: 198 | G31: 165 | H31: 105 | I31: 209 | J31: 161 | K31: 77 | L31: 195 | M31: 224 | N31: 242 | O31: 427 | P31: 98 | Q31: 50 | R31: 51 | S31: 18
B33: 3. Noon
B34: NR NPA in mm | C34: =SUM(D34:S34) -> 70156.734 | D34: 0 | E34: 0 | F34: 0 | G34: 0 | H34: 0 | I34: 0 | J34: 0 | K34: 0 | L34: 0 | M34: 0 | N34: 15354.91 | O34: 39116.571 | P34: 15685.253 | Q34: 0 | R34: 0 | S34: 0
B35: Overdue Amt in mm | C35: =SUM(D35:S35) -> 12072 | D35: 0 | E35: 0 | F35: 0 | G35: 0 | H35: 0 | I35: 0 | J35: 0 | K35: 0 | L35: 0 | M35: 0 | N35: 3070 | O35: 5300 | P35: 3702 | Q35: 0 | R35: 0 | S35: 0
B36: Count | C36: =SUM(D36:S36) -> 6 | D36: 0 | E36: 0 | F36: 0 | G36: 0 | H36: 0 | I36: 0 | J36: 0 | K36: 0 | L36: 0 | M36: 0 | N36: 1 | O36: 4 | P36: 1 | Q36: 0 | R36: 0 | S36: 0
B38: 4. Other Partners
B39: NR NPA in mm | C39: =SUM(D39:S39) -> 25485983 | D39: 4247848.7 | E39: 621614.01 | F39: 2597029.6 | G39: 2252161 | H39: 1447650.7 | I39: 2096669.2 | J39: 1546738.7 | K39: 723676.08 | L39: 1924689.3 | M39: 1575716.5 | N39: 2222912.7 | O39: 3329834.5 | P39: 612389.42 | Q39: 166594 | R39: 72295.128 | S39: 48163.328
B40: Overdue Amt in mm | C40: =SUM(D40:S40) -> 15707570 | D40: 3677253 | E40: 555572 | F40: 1868545 | G40: 1682253 | H40: 1131554 | I40: 1318730 | J40: 953377 | K40: 498257 | L40: 926541 | M40: 747466 | N40: 892843 | O40: 1050561 | P40: 223208 | Q40: 126135 | R40: 54228 | S40: 1047
B41: Count | C41: =SUM(D41:S41) -> 3008 | D41: 333 | E41: 54 | F41: 216 | G41: 210 | H41: 144 | I41: 216 | J41: 170 | K41: 105 | L41: 242 | M41: 221 | N41: 313 | O41: 463 | P41: 110 | Q41: 98 | R41: 95 | S41: 18
B43: 5. Cash Loan
B44: NR NPA in mm | C44: =SUM(D44:S44) -> 30505192 | D44: 3376260.6 | E44: 597459.31 | F44: 2680771.3 | G44: 1810667.3 | H44: 884236.4 | I44: 3250066.7 | J44: 2023557.6 | K44: 836789.24 | L44: 3191504.4 | M44: 2739292.1 | N44: 3114554.4 | O44: 4848690.2 | P44: 855915.06 | Q44: 124045.75 | R44: 113227.39 | S44: 58154.749
B45: Overdue Amt in mm | C45: =SUM(D45:S45) -> 11136492 | D45: 1938444 | E45: 392243 | F45: 1299178 | G45: 793367 | H45: 568678 | I45: 1293347 | J45: 760099 | K45: 516748 | L45: 872434 | M45: 761358 | N45: 682489 | O45: 939776 | P45: 186823 | Q45: 94669 | R45: 36067 | S45: 772
B46: Count | C46: =SUM(D46:S46) -> 1624 | D46: 122 | E46: 26 | F46: 97 | G46: 76 | H46: 54 | I46: 136 | J46: 99 | K46: 69 | L46: 147 | M46: 142 | N46: 175 | O46: 295 | P46: 69 | Q46: 51 | R46: 51 | S46: 15
B48: Retail NPA NR in mm | C48: =SUM(D48:S48) -> 1.0075229e+08 | D48: =D24+D39+D44+D29+D34 -> 13446797 | E48: =E24+E39+E44+E29+E34 -> 2122720 | F48: =F24+F39+F44+F29+F34 -> 10239309 | G48: =G24+G39+G44+G29+G34 -> 7665604.7 | H48: =H24+H39+H44+H29+H34 -> 4510082.3 | I48: =I24+I39+I44+I29+I34 -> 9146755.9 | J48: =J24+J39+J44+J29+J34 -> 6346169.6 | K48: =K24+K39+K44+K29+K34 -> 2852630.9 | ... S48: =S24+S39+S44+S29+S34 -> 193743.4 | T48: =C48-Summary!H10 -> 0
B49: Retail Overdue Amt in mm | C49: =SUM(D49:S49) -> 53519011 | D49: =D25+D40+D45+D30+D35 -> 10444351 | E49: =E25+E40+E45+E30+E35 -> 1773325 | F49: =F25+F40+F45+F30+F35 -> 6686311 | G49: =G25+G40+G45+G30+G35 -> 5105061 | H49: =H25+H40+H45+H30+H35 -> 3384421 | I49: =I25+I40+I45+I30+I35 -> 4946816 | J49: =J25+J40+J45+J30+J35 -> 3445780 | K49: =K25+K40+K45+K30+K35 -> 1915967 | ... S49: =S25+S40+S45+S30+S35 -> 4755 | T49: =C49-Summary!H43 -> 0
B50: Retail Count | C50: =SUM(D50:S50) -> 10792 | D50: =D26+D41+D46+D31+D36 -> 925 | E50: =E26+E41+E46+E31+E36 -> 168 | F50: =F26+F41+F46+F31+F36 -> 733 | G50: =G26+G41+G46+G31+G36 -> 652 | H50: =H26+H41+H46+H31+H36 -> 444 | I50: =I26+I41+I46+I31+I36 -> 765 | J50: =J26+J41+J46+J31+J36 -> 612 | K50: =K26+K41+K46+K31+K36 -> 382 | ... S50: =S26+S41+S46+S31+S36 -> 111 | T50: =C50-Summary!H78 -> 0
B54: Non Starter Expected write off months
B55: Month/Product | C55: =C3 -> 46142 | D55: =D3 -> 46173 | E55: =E3 -> 46203 | F55: =F3 -> 46234 | G55: =G3 -> 46265 | H55: =H3 -> 46295 | I55: =I3 -> 46326 | J55: =J3 -> 46356 | ... R55: =R3 -> 46599 | S55: Total
B56: 1. Jarir | C56: 406822.08 | D56: 691657.46 | E56: 100803.75 | F56: 277368.75 | G56: 355445.35 | H56: 126225.38 | I56: 58738.945 | J56: 89563.156 | K56: 25467.254 | L56: 73222.295 | M56: 62574.513 | N56: 94896.975 | O56: 340859.24 | P56: 430767 | Q56: 612051 | R56: 3672871 | S56: =SUM(C56:R56) -> 7419334.1
B57: 2. Premium Partners | C57: 369294.93 | D57: 555067.34 | E57: 124511.91 | F57: 446075.28 | G57: 662486.73 | H57: 223263.92 | I57: 289460.69 | J57: 95463.939 | K57: 11048.761 | L57: 59201.082 | M57: 253639.64 | N57: 397707.18 | O57: 522650.7 | P57: 584033 | Q57: 1588082 | R57: 6820744 | S57: =SUM(C57:R57) -> 13002731
B58: 3. Noon | C58: 0 | D58: 0 | E58: 0 | F58: 0 | G58: 0 | H58: 0 | I58: 0 | J58: 0 | K58: 0 | L58: 0 | M58: 0 | N58: 15354.91 | O58: 36948.22 | P58: 72716 | Q58: 222154 | R58: 2847182 | S58: =SUM(C58:R58) -> 3194355.1
B59: 4. Other Partners | C59: 431931.85 | D59: 644756.6 | E59: 131768.97 | F59: 641837.58 | G59: 532194.81 | H59: 142938.75 | I59: 199242.62 | J59: 51134.082 | K59: 20416.183 | L59: 66489.377 | M59: 125777.62 | N59: 348071.38 | O59: 713878.75 | P59: 1016303 | Q59: 1852832 | R59: 8567924 | S59: =SUM(C59:R59) -> 15487498
B60: 5. Cash Loan | C60: 240877.37 | D60: 334014.49 | E60: 24076.798 | F60: 225795.8 | G60: 342009.23 | H60: 72603.272 | I60: 235923 | J60: 24797.307 | K60: 0 | L60: 121880.23 | M60: 131863.07 | N60: 377913.82 | O60: 676097.98 | P60: 598437 | Q60: 971992 | R60: 7857654 | S60: =SUM(C60:R60) -> 12235935
B61: Total | C61: =SUM(C56:C60) -> 1448926.2 | D61: =SUM(D56:D60) -> 2225495.9 | E61: =SUM(E56:E60) -> 381161.44 | F61: =SUM(F56:F60) -> 1591077.4 | G61: =SUM(G56:G60) -> 1892136.1 | H61: =SUM(H56:H60) -> 565031.33 | I61: =SUM(I56:I60) -> 783365.26 | J61: =SUM(J56:J60) -> 260958.48 | ... R61: =SUM(R56:R60) -> 29766375 | S61: =SUM(C61:R61) -> 51339853 | T61: =S61-Summary!Z11 -> 0
